{"cameraMode":{"drawMode":0,"name":"Shaded","section":"Shading Mode"},"sceneLighting":false,"audioPlay":false,"sceneViewState":{"showFog":true,"showMaterialUpdate":false,"showSkybox":false,"showFlares":true,"showImageEffects":true,"showParticleSystems":true},"in2DMode":false,"pivot":{"x":0.21355533599853517,"y":-1.336100459098816,"z":-2.0186195373535158},"rotation":{"x":-0.018550338223576547,"y":-0.9815532565116882,"z":0.1375289261341095,"w":-0.1321549266576767},"size":14.31392765045166,"orthographic":false}