{"cameraMode":{"drawMode":1,"name":"Wireframe","section":"Shading Mode"},"sceneLighting":false,"audioPlay":false,"sceneViewState":{"showFog":false,"showMaterialUpdate":false,"showSkybox":false,"showFlares":false,"showImageEffects":false,"showParticleSystems":false},"in2DMode":false,"pivot":{"x":3.9474546909332277,"y":-0.4723844826221466,"z":3.994703769683838},"rotation":{"x":0.012615622952580452,"y":0.44327884912490847,"z":-0.006325939670205116,"w":0.896415114402771},"size":19.653854370117189,"orthographic":false}