{"cameraMode":{"drawMode":0,"name":"Shaded","section":"Shading Mode"},"sceneLighting":false,"audioPlay":false,"sceneViewState":{"showFog":false,"showMaterialUpdate":false,"showSkybox":false,"showFlares":false,"showImageEffects":false,"showParticleSystems":false},"in2DMode":false,"pivot":{"x":-3.9125301837921144,"y":-1.066819429397583,"z":-3.221230983734131},"rotation":{"x":-0.04527059942483902,"y":0.9205620288848877,"z":-0.11245692521333695,"w":-0.37160417437553408},"size":11.717488288879395,"orthographic":false}