{"cameraMode":{"drawMode":1,"name":"Wireframe","section":"Shading Mode"},"sceneLighting":false,"audioPlay":false,"sceneViewState":{"showFog":false,"showMaterialUpdate":false,"showSkybox":false,"showFlares":false,"showImageEffects":false,"showParticleSystems":false},"in2DMode":false,"pivot":{"x":0.9499337673187256,"y":-1.0199999809265137,"z":0.059999942779541019},"rotation":{"x":0.026660950854420663,"y":0.697280764579773,"z":-0.025953177362680436,"w":0.716002345085144},"size":16.41797637939453,"orthographic":false}